time,seconds_elapsed,acc_x,acc_y,acc_z,gyr_x,gyr_y,gyr_z,activity,session
1772643281228390700,0.236390625,-0.009638100862503,-0.0068970806896686,-0.0271482467651367,0.0010689827613532,0.0003054236294701,-0.000152711814735,still,Still_13-2026-03-04_16-54-40
1772643281247693600,0.255693603515625,0.0095870494842529,0.0097667053341865,-0.0198125839233398,0.0004581354442052,0.0003054236294701,-0.000152711814735,still,Still_13-2026-03-04_16-54-40
1772643281266996200,0.274996337890625,0.0144464671611785,0.0216485895216465,-0.0208587646484375,-0.000152711814735,-0.0003054236294701,-0.0003054236294701,still,Still_13-2026-03-04_16-54-40
1772643281286299000,0.294298828125,0.0026631355285644,0.0156900510191917,-0.0233945846557617,-0.0007635590736754,0.0003054236294701,0.0004581354442052,still,Still_13-2026-03-04_16-54-40
1772643281305601800,0.313601806640625,-0.0021107196807861,-0.0094245634973049,-0.0247411727905273,-0.000152711814735,0.0015271181473508,-0.000152711814735,still,Still_13-2026-03-04_16-54-40
1772643281324904400,0.332904541015625,0.0003554821014404,-0.0071231909096241,-0.0247383117675781,0.0004581354442052,0.0003054236294701,-0.000152711814735,still,Still_13-2026-03-04_16-54-40
1772643281344207400,0.352207275390625,0.014849305152893,0.0001400336623191,-0.0211429595947265,-0.000152711814735,-0.0003054236294701,0.0004581354442052,still,Still_13-2026-03-04_16-54-40
1772643281363510000,0.371510009765625,0.0029507577419281,0.0132719203829765,-0.0245819091796875,0.0004581354442052,-0.0003054236294701,-0.0007635590736754,still,Still_13-2026-03-04_16-54-40
1772643281382812700,0.390812744140625,-0.0019107162952423,0.0168922767043113,-0.0220403671264648,-0.000152711814735,-0.0009162708884105,0.0003054236294701,still,Still_13-2026-03-04_16-54-40
1772643281402115600,0.410115478515625,0.0016325116157531,0.0131203643977642,-0.0211458206176757,0.0004581354442052,-0.0003054236294701,0.0004581354442052,still,Still_13-2026-03-04_16-54-40
1772643281421418200,0.429418212890625,0.0050601363182067,0.0071262568235397,-0.0199546813964843,0.0004581354442052,0.0009162708884105,-0.0007635590736754,still,Still_13-2026-03-04_16-54-40
1772643281440721200,0.44872119140625,0.0062088370323181,0.0037019811570644,-0.0199556350708007,0.0004581354442052,0.0009162708884105,-0.000152711814735,still,Still_13-2026-03-04_16-54-40
1772643281460023800,0.46802392578125,0.0109482705593109,-0.0022317171096801,-0.0295324325561523,0.0004581354442052,0.0003054236294701,-0.000152711814735,still,Still_13-2026-03-04_16-54-40
1772643281479326500,0.487326416015625,-0.0011856853961944,0.0027257576584815,-0.0187644958496093,0.0004581354442052,0.0003054236294701,0.0010689827613532,still,Still_13-2026-03-04_16-54-40
1772643281498629400,0.50662939453125,0.0082847774028778,0.0122323669493198,-0.0210142135620117,0.0010689827613532,0.0009162708884105,-0.000152711814735,still,Still_13-2026-03-04_16-54-40
1772643281517932000,0.52593212890625,0.0118848979473114,0.0192880108952522,-0.0220613479614257,-0.000152711814735,-0.0003054236294701,-0.0009162708884105,still,Still_13-2026-03-04_16-54-40
1772643281537235000,0.54523486328125,-0.00133016705513,0.0132946707308292,-0.0235595703125,-0.000152711814735,0.0015271181473508,-0.000152711814735,still,Still_13-2026-03-04_16-54-40
1772643281556537600,0.56453759765625,-0.0002958476543426,0.0037074126303195,-0.0247621536254882,-0.000152711814735,0.0003054236294701,-0.0007635590736754,still,Still_13-2026-03-04_16-54-40
1772643281575840500,0.583840576171875,-0.0015407800674438,-0.0034207217395305,-0.0283546447753906,-0.000152711814735,-0.0003054236294701,-0.0009162708884105,still,Still_13-2026-03-04_16-54-40
1772643281595143200,0.60314306640625,0.005477488040924,0.0048936605453491,-0.0283613204956054,-0.000152711814735,0.0003054236294701,0.0010689827613532,still,Still_13-2026-03-04_16-54-40
1772643281614445800,0.62244580078125,0.0054864883422851,0.0109886936843395,-0.0247688293457031,0.0004581354442052,0.0003054236294701,0.0004581354442052,still,Still_13-2026-03-04_16-54-40
1772643281633748700,0.641748779296875,0.0043566823005676,0.0098413899540901,-0.016387939453125,0.0004581354442052,0.0003054236294701,-0.000152711814735,still,Still_13-2026-03-04_16-54-40
1772643281653051400,0.661051513671875,-0.0017916560173034,0.0098915770649909,-0.0271663665771484,-0.000152711814735,0.0003054236294701,-0.000152711814735,still,Still_13-2026-03-04_16-54-40
1772643281672354300,0.680354248046875,-0.0042326748371124,0.0053857304155826,-0.0223779678344726,-0.0007635590736754,0.0009162708884105,0.0004581354442052,still,Still_13-2026-03-04_16-54-40
1772643281691657000,0.699656982421875,0.0090016424655914,0.0077677518129348,-0.0247697830200195,0.0004581354442052,0.0009162708884105,-0.000152711814735,still,Still_13-2026-03-04_16-54-40
1772643281710959900,0.7189599609375,0.0041650235652923,0.0016601346433162,-0.0223779678344726,-0.000152711814735,-0.0003054236294701,0.0004581354442052,still,Still_13-2026-03-04_16-54-40
1772643281730262500,0.738262451171875,0.0041164755821228,0.0053018145263195,-0.0211830139160156,-0.000152711814735,-0.0003054236294701,-0.000152711814735,still,Still_13-2026-03-04_16-54-40
1772643281749565200,0.757565185546875,-0.0019157826900482,0.007743552327156,-0.0259714126586914,-0.000152711814735,-0.0003054236294701,0.0004581354442052,still,Still_13-2026-03-04_16-54-40
1772643281768868000,0.7768681640625,0.0099474191665649,0.0076755583286285,-0.0235824584960937,0.0015271181473508,-0.0003054236294701,0.0004581354442052,still,Still_13-2026-03-04_16-54-40
1772643281788170800,0.796170654296875,0.0028325021266937,0.0112574696540832,-0.0271730422973632,0.0003054236294701,-0.0003054236294701,-0.0003054236294701,still,Still_13-2026-03-04_16-54-40
1772643281807473700,0.8154736328125,0.0015874505043029,0.0028710216283798,-0.021188735961914,0.0003054236294701,-0.0003054236294701,0.0004581354442052,still,Still_13-2026-03-04_16-54-40
1772643281826776300,0.8347763671875,0.0004005432128906,0.0027480572462081,-0.0271739959716796,-0.0003054236294701,-0.0015271181473508,0.0003054236294701,still,Still_13-2026-03-04_16-54-40
1772643281846079200,0.854079345703125,0.0049662292003631,0.0086690112948417,-0.0188026428222656,-0.0009162708884105,-0.0009162708884105,0.0003054236294701,still,Still_13-2026-03-04_16-54-40
1772643281865382000,0.8733818359375,0.0097045600414276,0.0095658190548419,-0.020003318786621,-0.0009162708884105,0.0003054236294701,-0.0003054236294701,still,Still_13-2026-03-04_16-54-40
1772643281884684500,0.8926845703125,-0.0010586678981781,0.0153112411499023,-0.024641990661621,-0.0003054236294701,-0.0003054236294701,0.0004581354442052,still,Still_13-2026-03-04_16-54-40
1772643281903987500,0.911987548828125,-0.003614991903305,0.0068077445030212,-0.018813133239746,-0.0003054236294701,-0.0003054236294701,-0.0003054236294701,still,Still_13-2026-03-04_16-54-40
1772643281923290000,0.9312900390625,-0.0003598630428314,0.0009274594485759,-0.0200214385986328,-0.0009162708884105,-0.0003054236294701,-0.0003054236294701,still,Still_13-2026-03-04_16-54-40
1772643281942593000,0.950593017578125,0.0044373273849487,0.0080432333052158,-0.0212182998657226,-0.0009162708884105,-0.0015271181473508,-0.0003054236294701,still,Still_13-2026-03-04_16-54-40
1772643281961895700,0.969895751953125,0.0045613348484039,0.0056449472904205,-0.0224113464355468,0.0009162708884105,-0.0009162708884105,0.0010689827613532,still,Still_13-2026-03-04_16-54-40
1772643281981198300,0.9891982421875,0.0008650422096252,0.0080838091671466,-0.0198707580566406,-0.0003054236294701,-0.0003054236294701,0.0003054236294701,still,Still_13-2026-03-04_16-54-40
1772643282000501200,1.008501220703125,-0.000263899564743,0.0080171078443527,-0.0224123001098632,0.0009162708884105,-0.0003054236294701,0.0004581354442052,still,Still_13-2026-03-04_16-54-40
1772643282019804000,1.027803955078125,-0.0040173828601837,0.0080107413232326,-0.0212211608886718,0.0003054236294701,0.0003054236294701,0.0004581354442052,still,Still_13-2026-03-04_16-54-40
1772643282039106800,1.04710693359375,0.0055097341537475,0.0080017298460006,-0.0212230682373046,0.0003054236294701,-0.0003054236294701,0.0004581354442052,still,Still_13-2026-03-04_16-54-40
1772643282058409500,1.066409423828125,-0.0005230009555816,0.0103281661868095,-0.0200281143188476,-0.0003054236294701,-0.0003054236294701,-0.0003054236294701,still,Still_13-2026-03-04_16-54-40
1772643282077712100,1.085712158203125,0.0042158663272857,0.0043373741209506,-0.0176362991333007,-0.0003054236294701,-0.0003054236294701,0.0003054236294701,still,Still_13-2026-03-04_16-54-40
1772643282097015000,1.10501513671875,-0.0006775557994842,0.0079773664474487,-0.020033836364746,0.0003054236294701,-0.0015271181473508,0.0009162708884105,still,Still_13-2026-03-04_16-54-40
1772643282116317700,1.124317626953125,0.0017832517623901,0.0140709616243839,-0.0162906646728515,0.0009162708884105,-0.0003054236294701,0.0004581354442052,still,Still_13-2026-03-04_16-54-40
1772643282135620600,1.14362060546875,0.0066363513469696,0.011788535863161,-0.0200281143188476,-0.0015271181473508,-0.0003054236294701,-0.0009162708884105,still,Still_13-2026-03-04_16-54-40
1772643282154923300,1.16292333984375,0.0054472684860229,0.0032877698540687,-0.0176343917846679,0.0003054236294701,-0.0009162708884105,0.0004581354442052,still,Still_13-2026-03-04_16-54-40
1772643282174226200,1.18222607421875,-0.0019542276859283,0.0044686086475849,-0.0152482986450195,0.0003054236294701,-0.0009162708884105,-0.0003054236294701,still,Still_13-2026-03-04_16-54-40
1772643282193528800,1.20152880859375,0.0002765953540802,0.003264132887125,-0.0200424194335937,-0.0015271181473508,-0.0003054236294701,-0.0003054236294701,still,Still_13-2026-03-04_16-54-40
1772643282212831700,1.220831787109375,0.0048999786376953,0.0103760473430156,-0.0200490951538085,0.0003054236294701,0.0003054236294701,-0.000152711814735,still,Still_13-2026-03-04_16-54-40
1772643282232134400,1.240134521484375,0.0012028813362121,0.0115623027086257,-0.0188541412353515,-0.0003054236294701,0.0003054236294701,-0.000152711814735,still,Still_13-2026-03-04_16-54-40
1772643282251437000,1.25943701171875,-4.21106815338e-05,0.0067113153636455,-0.0212507247924804,-0.0003054236294701,0.0003054236294701,0.0003054236294701,still,Still_13-2026-03-04_16-54-40
1772643282270740000,1.278739990234375,-0.0049331188201904,0.0055013746023178,-0.0164680480957031,-0.0003054236294701,-0.0009162708884105,0.0003054236294701,still,Still_13-2026-03-04_16-54-40
1772643282290042600,1.298042724609375,-0.0038978159427642,0.0054371953010559,-0.0212612152099609,-0.0003054236294701,-0.0009162708884105,-0.0003054236294701,still,Still_13-2026-03-04_16-54-40
1772643282309345500,1.317345458984375,0.0019812881946563,0.0113533437252044,-0.0200681686401367,-0.0015271181473508,-0.0009162708884105,0.0003054236294701,still,Still_13-2026-03-04_16-54-40
1772643282328648200,1.336648193359375,0.000736117362976,0.0029105730354785,-0.0200700759887695,-0.0015271181473508,0.0003054236294701,-0.0003054236294701,still,Still_13-2026-03-04_16-54-40
1772643282347950800,1.355950927734375,0.0017114579677581,0.0088276639580726,-0.021275520324707,0.0003054236294701,0.0009162708884105,0.0016798300202935,still,Still_13-2026-03-04_16-54-40
1772643282367253800,1.375253662109375,0.0004664063453674,0.0113284178078174,-0.0188827514648437,-0.0003054236294701,-0.0003054236294701,-0.0003054236294701,still,Still_13-2026-03-04_16-54-40
1772643282386556400,1.394556396484375,-0.003171682357788,0.0078495740890502,-0.0176877975463867,0.0003054236294701,-0.0003054236294701,-0.0009162708884105,still,Still_13-2026-03-04_16-54-40
1772643282405859300,1.413859375,-0.0031021535396575,-0.0008013136684894,-0.0128965377807617,0.0009162708884105,-0.0003054236294701,0.0010689827613532,still,Still_13-2026-03-04_16-54-40
1772643282425162000,1.433161865234375,-0.0067378282546997,0.0078354515135288,-0.0212774276733398,-0.0015271181473508,-0.0003054236294701,0.0003054236294701,still,Still_13-2026-03-04_16-54-40
1772643282444465000,1.45246484375,0.0039283335208892,0.0068606324493885,-0.0200824737548828,0.0009162708884105,-0.0003054236294701,-0.000152711814735,still,Still_13-2026-03-04_16-54-40
1772643282463767600,1.471767578125,-0.0021612048149108,0.0057704485952854,-0.0176916122436523,-0.0009162708884105,0.0003054236294701,0.0003054236294701,still,Still_13-2026-03-04_16-54-40
1772643282483070200,1.4910703125,6.89923763275e-05,0.0104954354465007,-0.0224866867065429,0.0003054236294701,-0.0009162708884105,0.0004581354442052,still,Still_13-2026-03-04_16-54-40
1772643282502373000,1.510373046875,-0.0011170506477355,0.0094033405184745,-0.023681640625,0.0003054236294701,-0.0009162708884105,0.0003054236294701,still,Still_13-2026-03-04_16-54-40
1772643282521675800,1.52967578125,-0.0036724209785461,0.0081956759095191,-0.0177030563354492,0.0003054236294701,-0.0003054236294701,0.0004581354442052,still,Still_13-2026-03-04_16-54-40
1772643282540978700,1.548978759765625,-0.0108972191810607,0.000953059643507,-0.0165081024169921,-0.0003054236294701,0.0003054236294701,-0.000152711814735,still,Still_13-2026-03-04_16-54-40
1772643282560281300,1.56828125,-0.003760278224945,0.0047092325985431,-0.0248889923095703,0.0003054236294701,0.0003054236294701,0.0004581354442052,still,Still_13-2026-03-04_16-54-40
1772643282579584300,1.587584228515625,-0.0016437768936157,0.0094266086816787,-0.0189142227172851,-0.0003054236294701,-0.0003054236294701,-0.0003054236294701,still,Still_13-2026-03-04_16-54-40
1772643282598887000,1.606886962890625,0.004233568906784,0.0130643807351589,-0.0177192687988281,0.0003054236294701,-0.0003054236294701,0.0004581354442052,still,Still_13-2026-03-04_16-54-40
1772643282618189800,1.62618994140625,-0.0031678974628448,0.0107162818312644,-0.0177268981933593,0.0003054236294701,0.0003054236294701,-0.000152711814735,still,Still_13-2026-03-04_16-54-40
1772643282637492500,1.645492431640625,-0.0079413950443267,0.0083691515028476,-0.0189247131347656,0.0009162708884105,-0.0003054236294701,0.0004581354442052,still,Still_13-2026-03-04_16-54-40
1772643282656795100,1.664795166015625,-0.0045106709003448,0.0082424953579902,-0.0213241577148437,0.0003054236294701,-0.0015271181473508,-0.0009162708884105,still,Still_13-2026-03-04_16-54-40
1772643282676098000,1.68409814453125,0.0002298653125762,0.009427472949028,-0.0177345275878906,0.0003054236294701,-0.0009162708884105,0.0004581354442052,still,Still_13-2026-03-04_16-54-40
1772643282695400700,1.703400634765625,-0.0045461654663085,0.0058329999446868,-0.0165376663208007,0.0015271181473508,-0.0009162708884105,0.0004581354442052,still,Still_13-2026-03-04_16-54-40
1772643282714703600,1.72270361328125,-0.002314269542694,0.010612953454256,-0.0201349258422851,0.0015271181473508,0.0003054236294701,0.0004581354442052,still,Still_13-2026-03-04_16-54-40
1772643282734006300,1.74200634765625,-0.0046943426132202,0.0093396753072738,-0.0225286483764648,0.0015271181473508,0.0003054236294701,0.0004581354442052,still,Still_13-2026-03-04_16-54-40
1772643282753309200,1.76130908203125,-0.0083275437355041,0.0127410292625427,-0.016545295715332,0.0009162708884105,-0.0003054236294701,-0.0007635590736754,still,Still_13-2026-03-04_16-54-40
1772643282772611800,1.78061181640625,-0.0024470388889312,0.0066380128264427,-0.0225343704223632,0.0009162708884105,-0.0009162708884105,0.0004581354442052,still,Still_13-2026-03-04_16-54-40
1772643282791914500,1.79991455078125,-0.0109243988990783,0.004172995686531,-0.0165538787841796,0.0003054236294701,-0.0009162708884105,-0.000152711814735,still,Still_13-2026-03-04_16-54-40
1772643282811217400,1.819217529296875,-0.00743368268013,0.0088914521038532,-0.0249357223510742,-0.0009162708884105,-0.0015271181473508,0.0009162708884105,still,Still_13-2026-03-04_16-54-40
1772643282830520000,1.83852001953125,0.0007242560386657,0.0172537490725517,-0.0152187347412109,-0.0003054236294701,-0.0021379655227065,0.0003054236294701,still,Still_13-2026-03-04_16-54-40
1772643282849823000,1.857822998046875,0.0007342100143432,0.0089203678071498,-0.0189590454101562,-0.0003054236294701,0.0003054236294701,0.0003054236294701,still,Still_13-2026-03-04_16-54-40
1772643282869125600,1.877125732421875,-0.0076876282691955,0.007711935788393,-0.0201578140258789,0.0009162708884105,-0.0003054236294701,-0.000152711814735,still,Still_13-2026-03-04_16-54-40
1772643282888428500,1.896428466796875,-0.0066495835781097,0.0099795646965503,-0.0165719985961914,-0.0003054236294701,0.0003054236294701,-0.000152711814735,still,Still_13-2026-03-04_16-54-40
1772643282907731200,1.915731201171875,-0.0054386258125305,0.0074822753667831,-0.0141782760620117,0.0003054236294701,0.0009162708884105,-0.0007635590736754,still,Still_13-2026-03-04_16-54-40
1772643282927034000,1.9350341796875,0.0040869414806365,0.0075092650949954,-0.0141811370849609,-0.0003054236294701,-0.0009162708884105,0.0009162708884105,still,Still_13-2026-03-04_16-54-40
1772643282946336800,1.954336669921875,-0.0092377662658691,0.0049580931663513,-0.0165796279907226,-0.0003054236294701,-0.0003054236294701,0.0004581354442052,still,Still_13-2026-03-04_16-54-40
1772643282965639400,1.973639404296875,-0.0044933855533599,-0.0020259171724319,-0.0165815353393554,0.0009162708884105,0.0003054236294701,0.0004581354442052,still,Still_13-2026-03-04_16-54-40
1772643282984942300,1.9929423828125,0.0011779069900512,0.0087036378681659,-0.0106029510498046,-0.0003054236294701,0.0003054236294701,-0.0003054236294701,still,Still_13-2026-03-04_16-54-40
1772643283004245000,2.012244873046875,-0.0071518123149871,0.0112890899181365,-0.0153942108154296,0.0003054236294701,-0.0015271181473508,0.0003054236294701,still,Still_13-2026-03-04_16-54-40
1772643283023548000,2.0315478515625,-0.0048603415489196,0.0076345279812812,-0.0153970718383789,-0.0003054236294701,-0.0003054236294701,-0.0009162708884105,still,Still_13-2026-03-04_16-54-40
1772643283042850600,2.0508505859375,-0.0095157325267791,0.0062189698219299,-0.0129985809326171,-0.0003054236294701,0.0003054236294701,0.0004581354442052,still,Still_13-2026-03-04_16-54-40
1772643283062153500,2.070153564453125,1.31130218505e-05,0.0099461786448955,-0.0141973495483398,0.0003054236294701,-0.0009162708884105,-0.0003054236294701,still,Still_13-2026-03-04_16-54-40
1772643283081456000,2.0894560546875,0.0023582875728607,0.0086765699088573,-0.0141992568969726,0.0003054236294701,-0.0003054236294701,0.0004581354442052,still,Still_13-2026-03-04_16-54-40
1772643283100759000,2.108759033203125,-0.0049256086349487,0.0050755590200424,-0.017643928527832,0.0003054236294701,-0.0003054236294701,-0.0003054236294701,still,Still_13-2026-03-04_16-54-40
1772643283120061700,2.128061767578125,-0.0072467029094696,0.0086005106568336,-0.0165948867797851,0.0003054236294701,-0.0003054236294701,0.0004581354442052,still,Still_13-2026-03-04_16-54-40
1772643283139364600,2.147364501953125,-0.0024461150169372,0.0108064897358417,-0.0188398361206054,-0.0003054236294701,-0.0003054236294701,-0.0009162708884105,still,Still_13-2026-03-04_16-54-40
1772643283158667300,2.166667236328125,-0.0048106014728546,0.0037392452359199,-0.0164432525634765,-0.0015271181473508,-0.0009162708884105,0.0003054236294701,still,Still_13-2026-03-04_16-54-40
1772643283177970200,2.18597021484375,-0.0048973262310028,0.0037693530321121,-0.0165958404541015,0.0009162708884105,-0.0003054236294701,-0.000152711814735,still,Still_13-2026-03-04_16-54-40
1772643283197272800,2.20527294921875,-0.0061220228672027,-0.00314562022686,-0.0165977478027343,-0.0009162708884105,0.0009162708884105,-0.0015271181473508,still,Still_13-2026-03-04_16-54-40
1772643283216575700,2.22457568359375,-0.0048953890800476,0.0028997547924518,-0.0189895629882812,-0.0003054236294701,-0.0003054236294701,0.0004581354442052,still,Still_13-2026-03-04_16-54-40
1772643283235878400,2.24387841796875,-0.0061779618263244,0.010025106370449,-0.016448974609375,-0.0009162708884105,0.0003054236294701,-0.0009162708884105,still,Still_13-2026-03-04_16-54-40
1772643283255181300,2.263181396484375,-0.0096787512302398,0.0076357275247573,-0.014052391052246,-0.0003054236294701,0.0003054236294701,-0.0009162708884105,still,Still_13-2026-03-04_16-54-40
1772643283274484000,2.28248388671875,-0.0048035383224487,0.0087403506040573,-0.0116539001464843,0.0003054236294701,0.0009162708884105,-0.0007635590736754,still,Still_13-2026-03-04_16-54-40
1772643283293787000,2.301786865234375,-0.0119521915912628,0.0014223903417587,-0.0094079971313476,0.0009162708884105,-0.0009162708884105,0.0004581354442052,still,Still_13-2026-03-04_16-54-40
1772643283313089500,2.321089599609375,-0.0049150884151458,0.0039782784879207,-0.0106096267700195,0.0009162708884105,-0.0009162708884105,0.0016798300202935,still,Still_13-2026-03-04_16-54-40
1772643283332392400,2.340392333984375,-0.0025507807731628,0.0089134238660335,-0.0224323272705078,-0.0009162708884105,-0.0015271181473508,0.0009162708884105,still,Still_13-2026-03-04_16-54-40
1772643283351695000,2.359695068359375,0.0034577250480651,0.0088505893945693,-0.0165967941284179,-0.0003054236294701,-0.0003054236294701,-0.0003054236294701,still,Still_13-2026-03-04_16-54-40
1772643283370998000,2.378998046875,-0.0034647285938262,0.0148853063583374,-0.0149402618408203,0.0003054236294701,-0.0015271181473508,0.0003054236294701,still,Still_13-2026-03-04_16-54-40
1772643283390300700,2.39830078125,-0.008393257856369,0.0102069117128849,-0.0152444839477539,0.0003054236294701,-0.0009162708884105,0.0004581354442052,still,Still_13-2026-03-04_16-54-40
1772643283409603600,2.417603515625,-0.0120642781257629,-0.003067247569561,-0.0153970718383789,0.0003054236294701,-0.0009162708884105,0.0003054236294701,still,Still_13-2026-03-04_16-54-40
1772643283428906200,2.43690625,-0.008498340845108,0.0112386457622051,-0.0197381973266601,-0.0009162708884105,-0.0009162708884105,-0.0003054236294701,still,Still_13-2026-03-04_16-54-40
1772643283448209000,2.456208984375,0.0047487020492553,0.0088990256190299,-0.0165920257568359,0.0009162708884105,-0.0003054236294701,0.0004581354442052,still,Still_13-2026-03-04_16-54-40
1772643283467511800,2.47551171875,-7.17043876647e-05,0.0077016726136207,-0.0130023956298828,0.0009162708884105,0.0003054236294701,-0.000152711814735,still,Still_13-2026-03-04_16-54-40
1772643283486814700,2.494814697265625,-0.0074528455734252,0.0041695348918437,-0.0177984237670898,-0.0003054236294701,-0.0009162708884105,-0.0009162708884105,still,Still_13-2026-03-04_16-54-40
1772643283506117400,2.514117431640625,-0.0074795186519622,0.0088714025914669,-0.0142068862915039,-0.0009162708884105,-0.0009162708884105,0.0009162708884105,still,Still_13-2026-03-04_16-54-40
1772643283525420300,2.533420166015625,-0.0038015842437744,0.0053156986832618,-0.0154008865356445,0.0009162708884105,-0.0003054236294701,0.0004581354442052,still,Still_13-2026-03-04_16-54-40
1772643283544723000,2.552722900390625,-0.0050261616706848,0.0028075501322746,-0.0130090713500976,0.0003054236294701,-0.0003054236294701,-0.0009162708884105,still,Still_13-2026-03-04_16-54-40
1772643283564025900,2.57202587890625,-0.0051695108413696,0.0040656216442584,-0.0142116546630859,0.0003054236294701,-0.0015271181473508,0.0003054236294701,still,Still_13-2026-03-04_16-54-40
1772643283583328500,2.59132861328125,-0.0029202997684478,0.005286231637001,-0.0166091918945312,0.0003054236294701,-0.0003054236294701,0.0004581354442052,still,Still_13-2026-03-04_16-54-40
1772643283602631400,2.61063134765625,-0.0005581974983215,0.0090277008712291,-0.0154132843017578,0.0003054236294701,-0.0009162708884105,-0.0003054236294701,still,Still_13-2026-03-04_16-54-40
1772643283621934000,2.62993408203125,-0.0005894303321838,0.0115292891860008,-0.0154142379760742,0.0003054236294701,0.0003054236294701,0.0004581354442052,still,Still_13-2026-03-04_16-54-40
1772643283641237000,2.649237060546875,-0.0088764727115631,0.009092915803194,-0.0130167007446289,0.0003054236294701,-0.0009162708884105,-0.0009162708884105,still,Still_13-2026-03-04_16-54-40
1772643283660539600,2.66853955078125,-0.0148804485797882,0.0080484747886657,-0.017806053161621,-0.0003054236294701,-0.0009162708884105,0.0003054236294701,still,Still_13-2026-03-04_16-54-40
1772643283679842600,2.687842529296875,-0.0041354894638061,0.0082210153341293,-0.0142145156860351,0.0009162708884105,-0.0015271181473508,-0.000152711814735,still,Still_13-2026-03-04_16-54-40
1772643283699145200,2.707145263671875,-0.0066705644130706,0.0118635557591915,-0.021101951599121,-0.0003054236294701,-0.0003054236294701,-0.0009162708884105,still,Still_13-2026-03-04_16-54-40
1772643283718448000,2.7264482421875,-0.0055011808872222,0.0094711370766162,-0.0142202377319335,-0.0009162708884105,-0.0003054236294701,0.0003054236294701,still,Still_13-2026-03-04_16-54-40
1772643283737750800,2.745750732421875,-0.0079767107963562,0.0022291280329227,-0.0154199600219726,-0.0015271181473508,0.0003054236294701,-0.0009162708884105,still,Still_13-2026-03-04_16-54-40
1772643283757053700,2.7650537109375,-0.0078850984573364,0.0117383450269699,-0.0152673721313476,0.0003054236294701,-0.0009162708884105,-0.0009162708884105,still,Still_13-2026-03-04_16-54-40
1772643283776356400,2.7843564453125,-0.0042638182640075,0.0067381374537944,-0.0104780197143554,0.0009162708884105,-0.0003054236294701,-0.000152711814735,still,Still_13-2026-03-04_16-54-40
1772643283795659300,2.8036591796875,-0.0030959248542785,0.0055402033030986,-0.0104799270629882,0.0003054236294701,0.0009162708884105,0.0004581354442052,still,Still_13-2026-03-04_16-54-40
1772643283814962000,2.8229619140625,-0.0006171464920043,0.0117214731872081,-0.0115242004394531,-0.0003054236294701,-0.0003054236294701,-0.0009162708884105,still,Still_13-2026-03-04_16-54-40
1772643283834264800,2.842264892578125,-0.0090201199054718,0.0119499638676643,-0.0127201080322265,-0.0009162708884105,-0.0003054236294701,0.0003054236294701,still,Still_13-2026-03-04_16-54-40
1772643283853567700,2.861567626953125,-0.0018100440502166,0.002430934458971,-0.0118227005004882,-0.0009162708884105,-0.0009162708884105,-0.0003054236294701,still,Still_13-2026-03-04_16-54-40
1772643283872870400,2.880870361328125,-0.0017243325710296,0.0033835582435131,-0.0094242095947265,-0.0015271181473508,-0.0003054236294701,0.0003054236294701,still,Still_13-2026-03-04_16-54-40
1772643283892173300,2.90017333984375,-0.0005583465099334,0.0074423365294933,-0.0151119232177734,-0.0003054236294701,0.0003054236294701,-0.0003054236294701,still,Still_13-2026-03-04_16-54-40
1772643283911476000,2.91947607421875,-0.005200833082199,0.0085495300590991,-0.0079221725463867,-0.0009162708884105,-0.0015271181473508,0.0003054236294701,still,Still_13-2026-03-04_16-54-40
1772643283930779000,2.93877880859375,-0.0087568461894989,0.0086924657225608,-0.0152540206909179,0.0003054236294701,-0.0015271181473508,-0.0015271181473508,still,Still_13-2026-03-04_16-54-40
1772643283950081500,2.95808154296875,-0.0017782151699066,0.0063544102013111,-0.0116701126098632,0.0003054236294701,-0.0003054236294701,-0.000152711814735,still,Still_13-2026-03-04_16-54-40
1772643283969384400,2.977384521484375,-0.0031771659851074,0.0096970088779926,-0.0113773345947265,0.0003054236294701,-0.0009162708884105,-0.0003054236294701,still,Still_13-2026-03-04_16-54-40
1772643283988687400,2.996687255859375,0.0030039846897125,0.0099344290792942,-0.0137643814086914,-0.0015271181473508,0.0009162708884105,0.0003054236294701,still,Still_13-2026-03-04_16-54-40
1772643284007990000,3.015989990234375,-0.0052869617938995,0.0049443207681179,-0.0154075622558593,-0.0003054236294701,-0.0009162708884105,-0.0003054236294701,still,Still_13-2026-03-04_16-54-40
1772643284027293000,3.03529296875,-0.0065090954303741,0.0073689334094524,-0.0091238021850585,0.0003054236294701,-0.0009162708884105,0.0004581354442052,still,Still_13-2026-03-04_16-54-40
1772643284046595600,3.054595703125,-0.005280315876007,0.0073074027895927,-0.017653465270996,-0.0003054236294701,-0.0003054236294701,-0.0009162708884105,still,Still_13-2026-03-04_16-54-40
1772643284065898500,3.0738984375,-0.0018343031406402,0.0083818584680557,-0.0175085067749023,0.0009162708884105,-0.0003054236294701,-0.000152711814735,still,Still_13-2026-03-04_16-54-40
1772643284085201200,3.093201171875,-0.0006687045097351,0.0057783760130405,-0.009129524230957,-0.0009162708884105,-0.0003054236294701,0.0003054236294701,still,Still_13-2026-03-04_16-54-40
1772643284104504000,3.112504150390625,0.0006114244461059,0.0143515057861804,-0.010024070739746,-0.0009162708884105,-0.0003054236294701,-0.0003054236294701,still,Still_13-2026-03-04_16-54-40
1772643284123806700,3.131806640625,-0.0065377950668334,0.010661169886589,-0.0136146545410156,0.0009162708884105,-0.0015271181473508,0.0003054236294701,still,Still_13-2026-03-04_16-54-40
1772643284143109600,3.151109619140625,-0.0066200494766235,0.0085834078490734,-0.0124197006225585,-0.0003054236294701,-0.0015271181473508,0.0003054236294701,still,Still_13-2026-03-04_16-54-40
1772643284162412500,3.17041259765625,-0.005448967218399,0.0179589707404375,-0.0064353942871093,-0.0003054236294701,0.0003054236294701,0.0004581354442052,still,Still_13-2026-03-04_16-54-40
1772643284181715200,3.189715087890625,-0.0031408667564392,0.0110661201179027,-0.0124235153198242,-0.0003054236294701,-0.0015271181473508,-0.0009162708884105,still,Still_13-2026-03-04_16-54-40
1772643284201018000,3.20901806640625,-0.0043647289276123,0.001227218657732,-0.0172138214111328,0.0003054236294701,-0.0015271181473508,0.0003054236294701,still,Still_13-2026-03-04_16-54-40
1772643284220321000,3.228321044921875,-0.003196507692337,0.0009335204958915,-0.0100307464599609,-0.0009162708884105,-0.0009162708884105,-0.0003054236294701,still,Still_13-2026-03-04_16-54-40
1772643284239623700,3.247623779296875,-0.0043625831604003,0.010857168585062,-0.0100307464599609,-0.0009162708884105,0.0003054236294701,-0.0009162708884105,still,Still_13-2026-03-04_16-54-40
1772643284258926600,3.266926513671875,-0.006664901971817,0.0087188221514225,-0.0136175155639648,0.0003054236294701,-0.0003054236294701,0.0010689827613532,still,Still_13-2026-03-04_16-54-40
1772643284278229200,3.286229248046875,-0.0029866695404052,0.0121507123112678,-0.0124177932739257,0.0003054236294701,-0.0009162708884105,-0.0003054236294701,still,Still_13-2026-03-04_16-54-40
1772643284297532200,3.3055322265625,-0.0150298476219177,0.002426441758871,-0.0088300704956054,0.0009162708884105,-0.0009162708884105,0.0004581354442052,still,Still_13-2026-03-04_16-54-40
1772643284316834800,3.324834716796875,-0.0079861879348754,0.0064246617257595,-0.0112285614013671,-0.0003054236294701,-0.0003054236294701,0.0004581354442052,still,Still_13-2026-03-04_16-54-40
1772643284336137700,3.3441376953125,0.0052004158496856,0.0137079991400241,-0.0100297927856445,0.0003054236294701,-0.0003054236294701,-0.000152711814735,still,Still_13-2026-03-04_16-54-40
1772643284355440600,3.363440673828125,-0.0007010400295257,0.0146815776824951,-0.008829116821289,0.0003054236294701,-0.0003054236294701,-0.0009162708884105,still,Still_13-2026-03-04_16-54-40
1772643284374743300,3.382743408203125,-0.0091593265533447,0.0052772127091884,-0.013620376586914,-0.0003054236294701,0.0003054236294701,-0.0009162708884105,still,Still_13-2026-03-04_16-54-40
1772643284394046200,3.402046142578125,-0.0113983452320098,0.005193568766117,-0.0148134231567382,0.0003054236294701,-0.0009162708884105,-0.0009162708884105,still,Still_13-2026-03-04_16-54-40
1772643284413348900,3.421348876953125,-0.0114743709564208,0.0038466341793537,-0.0136184692382812,-0.0003054236294701,-0.0009162708884105,-0.0003054236294701,still,Still_13-2026-03-04_16-54-40
1772643284432651800,3.44065185546875,-0.0044333040714263,0.0075765065848827,-0.0148210525512695,0.0003054236294701,0.0003054236294701,0.0004581354442052,still,Still_13-2026-03-04_16-54-40
1772643284451954700,3.45995458984375,0.0027714669704437,0.0024903751909732,-0.0112295150756835,0.0003054236294701,-0.0003054236294701,0.0016798300202935,still,Still_13-2026-03-04_16-54-40
1772643284471257300,3.47925732421875,-0.0067712068557739,0.0061722472310066,-0.012425422668457,0.0015271181473508,-0.0009162708884105,0.0010689827613532,still,Still_13-2026-03-04_16-54-40
1772643284490560300,3.498560302734375,-0.0068523287773132,0.0099034868180751,-0.0113801956176757,0.0003054236294701,0.0003054236294701,-0.000152711814735,still,Still_13-2026-03-04_16-54-40
1772643284509863000,3.51786279296875,-0.0044268369674682,0.0108621940016746,-0.0199098587036132,0.0003054236294701,-0.0009162708884105,-0.0015271181473508,still,Still_13-2026-03-04_16-54-40
1772643284529165800,3.537165771484375,-0.0104309320449829,0.0107954554259777,-0.0161705017089843,0.0009162708884105,-0.0003054236294701,-0.0007635590736754,still,Still_13-2026-03-04_16-54-40
1772643284548468700,3.55646875,-0.0128414034843444,0.0061224475502967,-0.0140752792358398,0.0003054236294701,-0.0003054236294701,0.0004581354442052,still,Still_13-2026-03-04_16-54-40
1772643284567771400,3.575771484375,-0.0081326961517333,0.004889890551567,-0.0152740478515625,0.0003054236294701,-0.0009162708884105,0.0009162708884105,still,Still_13-2026-03-04_16-54-40
1772643284587074300,3.59507421875,-0.0010382533073425,0.0048043690621852,-0.0176725387573242,-0.0003054236294701,-0.0003054236294701,-0.0003054236294701,still,Still_13-2026-03-04_16-54-40
1772643284606377200,3.614377197265625,0.0037710964679718,0.0095292218029499,-0.0185699462890625,0.0009162708884105,-0.0009162708884105,0.0004581354442052,still,Still_13-2026-03-04_16-54-40
1772643284625680000,3.633679931640625,-0.0081052482128143,0.0141859352588653,-0.011235237121582,-0.0003054236294701,-0.0009162708884105,-0.0003054236294701,still,Still_13-2026-03-04_16-54-40
1772643284644982800,3.652982666015625,-0.0141039192676544,0.0082482583820819,-0.0151262283325195,0.0003054236294701,-0.0015271181473508,0.0003054236294701,still,Still_13-2026-03-04_16-54-40
1772643284664285700,3.67228564453125,-0.0080825686454772,0.0068994611501693,-0.0175180435180664,-0.0003054236294701,-0.0003054236294701,-0.0009162708884105,still,Still_13-2026-03-04_16-54-40
1772643284683588400,3.69158837890625,-0.0022421479225158,0.0071046985685825,-0.0140819549560546,-0.0003054236294701,0.0003054236294701,0.0010689827613532,still,Still_13-2026-03-04_16-54-40
1772643284702891300,3.710891357421875,6.22868537902e-05,0.0105712600052356,-0.016031265258789,0.0003054236294701,-0.0003054236294701,0.0004581354442052,still,Still_13-2026-03-04_16-54-40
1772643284722194000,3.73019384765625,-0.0058894157409667,0.0032392404973506,-0.0136356353759765,-0.0003054236294701,-0.0003054236294701,-0.0003054236294701,still,Still_13-2026-03-04_16-54-40
1772643284741496800,3.749496826171875,-0.0070512890815734,0.0036058165132999,-0.0172252655029296,0.0009162708884105,-0.0009162708884105,0.0004581354442052,still,Still_13-2026-03-04_16-54-40
1772643284760799700,3.7687998046875,-0.0045672059059143,0.0084454342722892,-0.0196151733398437,0.0003054236294701,-0.0009162708884105,-0.0009162708884105,still,Still_13-2026-03-04_16-54-40
1772643284780102400,3.788102294921875,-0.0022597312927246,0.0108879320323467,-0.016026496887207,-0.0003054236294701,0.0003054236294701,0.0004581354442052,still,Still_13-2026-03-04_16-54-40
1772643284799405300,3.8074052734375,-0.01287442445755,0.0061535537242889,-0.0184154510498046,-0.0003054236294701,-0.0003054236294701,-0.0003054236294701,still,Still_13-2026-03-04_16-54-40
1772643284818708200,3.826708251953125,-0.0078760087490081,0.009620513767004,-0.0219993591308593,0.0015271181473508,-0.0003054236294701,-0.000152711814735,still,Still_13-2026-03-04_16-54-40
1772643284838011000,3.846010986328125,-0.0056221187114715,0.0096167363226413,-0.0220050811767578,-0.0003054236294701,-0.0003054236294701,-0.0009162708884105,still,Still_13-2026-03-04_16-54-40
1772643284857313800,3.865313720703125,-0.0020020604133605,0.0119393914937973,-0.0136241912841796,-0.0003054236294701,-0.0015271181473508,-0.0009162708884105,still,Still_13-2026-03-04_16-54-40
1772643284876616700,3.88461669921875,-0.0092611014842987,0.0012246780097484,-0.0160207748413085,0.0003054236294701,-0.0003054236294701,0.0004581354442052,still,Still_13-2026-03-04_16-54-40
1772643284895919400,3.90391943359375,-0.0067733824253082,0.0048670731484889,-0.018411636352539,0.0003054236294701,-0.0003054236294701,0.0004581354442052,still,Still_13-2026-03-04_16-54-40
1772643284915222300,3.92322216796875,-0.0081569850444793,0.0109995640814304,-0.0148267745971679,-0.0009162708884105,-0.0003054236294701,0.0009162708884105,still,Still_13-2026-03-04_16-54-40
1772643284934525200,3.942525146484375,-0.0057134628295898,0.0074403174221515,-0.0184154510498046,-0.0009162708884105,-0.0009162708884105,-0.0003054236294701,still,Still_13-2026-03-04_16-54-40
1772643284953827800,3.961827880859375,-0.006801426410675,0.0110563263297081,-0.0172147750854492,-0.0003054236294701,-0.0009162708884105,-0.0003054236294701,still,Still_13-2026-03-04_16-54-40
1772643284973130800,3.981130859375,-0.0020268261432647,0.0039057880640029,-0.0209550857543945,-0.0009162708884105,-0.0015271181473508,-0.0003054236294701,still,Still_13-2026-03-04_16-54-40
1772643284992433700,4.00043359375,0.0025101900100708,0.0063862428069114,-0.0148286819458007,0.0003054236294701,0.0003054236294701,0.0010689827613532,still,Still_13-2026-03-04_16-54-40
1772643285011736300,4.019736328125,-0.0035443007946014,0.0063784085214138,-0.0136337280273437,0.0003054236294701,-0.0003054236294701,-0.0007635590736754,still,Still_13-2026-03-04_16-54-40
1772643285031039200,4.039039306640625,3.05473804473e-05,0.0040567889809608,-0.0208168029785156,0.0003054236294701,-0.0009162708884105,-0.0009162708884105,still,Still_13-2026-03-04_16-54-40
1772643285050342000,4.058341796875,-0.0049395561218261,0.0039374902844429,-0.0148391723632812,-0.0003054236294701,0.0009162708884105,0.0004581354442052,still,Still_13-2026-03-04_16-54-40
1772643285069644800,4.077644775390625,-0.0146272182464599,0.0075937919318675,-0.0160398483276367,0.0009162708884105,0.0003054236294701,-0.000152711814735,still,Still_13-2026-03-04_16-54-40
1772643285088947700,4.09694775390625,-0.0013583898544311,0.0136037170886993,-0.0196266174316406,-0.0003054236294701,-0.0003054236294701,0.0004581354442052,still,Still_13-2026-03-04_16-54-40
1772643285108250400,4.11625048828125,0.0011338591575622,0.0123133957386016,-0.0172300338745117,0.0003054236294701,-0.0003054236294701,-0.0003054236294701,still,Still_13-2026-03-04_16-54-40
1772643285127553300,4.13555322265625,-0.0061138570308685,0.0122242756187915,-0.016036033630371,-0.0009162708884105,-0.0003054236294701,0.0003054236294701,still,Still_13-2026-03-04_16-54-40
1772643285146856200,4.154856201171875,-0.0074320137500762,0.0002379305660724,-0.0184345245361328,0.0015271181473508,-0.0003054236294701,0.0004581354442052,still,Still_13-2026-03-04_16-54-40
1772643285166158800,4.174158935546875,-0.0073213279247283,0.0039192140102386,-0.0208234786987304,-0.0003054236294701,-0.0003054236294701,-0.0003054236294701,still,Still_13-2026-03-04_16-54-40
1772643285185461800,4.193461669921875,-0.0061887204647064,0.0062841437757015,-0.0184326171875,0.0003054236294701,-0.0009162708884105,0.0003054236294701,still,Still_13-2026-03-04_16-54-40
1772643285204764700,4.2127646484375,0.0009184479713439,0.0074546821415424,-0.0184345245361328,0.0003054236294701,0.0003054236294701,-0.0003054236294701,still,Still_13-2026-03-04_16-54-40
1772643285224067300,4.2320673828125,0.0009020864963531,0.0109500214457511,-0.019632339477539,0.0003054236294701,0.0003054236294701,-0.0009162708884105,still,Still_13-2026-03-04_16-54-40
1772643285243370200,4.251370361328125,-0.0027004778385162,0.007212683558464,-0.0232257843017578,0.0003054236294701,0.0003054236294701,0.0004581354442052,still,Still_13-2026-03-04_16-54-40
1772643285262673200,4.270673095703125,-0.0038495659828186,0.013044998049736,-0.0220270156860351,0.0015271181473508,-0.0003054236294701,-0.000152711814735,still,Still_13-2026-03-04_16-54-40
1772643285281975800,4.289975830078125,-0.0086981356143951,0.0080514959990978,-0.0208339691162109,-0.0003054236294701,-0.0003054236294701,0.0004581354442052,still,Still_13-2026-03-04_16-54-40
1772643285301278700,4.30927880859375,-0.0085859894752502,0.003242764621973,-0.019632339477539,-0.0009162708884105,0.000152711814735,0.0003054236294701,still,Still_13-2026-03-04_16-54-40
1772643285320581600,4.32858154296875,-0.0122320353984832,0.0033915787935256,-0.0244216918945312,-0.0009162708884105,0.000152711814735,-0.0009162708884105,still,Still_13-2026-03-04_16-54-40
1772643285339884300,4.34788427734375,-0.0025535523891448,0.0058777630329132,-0.0148420333862304,-0.0009162708884105,-0.0010689827613532,-0.0003054236294701,still,Still_13-2026-03-04_16-54-40
1772643285359187200,4.367187255859375,0.001019924879074,0.0106941796839237,-0.0208263397216796,-0.0009162708884105,-0.0004581354442052,0.0003054236294701,still,Still_13-2026-03-04_16-54-40
1772643285378490000,4.386489990234375,-0.0109494030475616,0.0036022700369358,-0.0244178771972656,-0.0003054236294701,0.000152711814735,-0.0009162708884105,still,Still_13-2026-03-04_16-54-40
1772643285397792800,4.405792724609375,-0.0073626339435577,0.0069891735911369,-0.0184326171875,-0.0009162708884105,-0.0004581354442052,0.0003054236294701,still,Still_13-2026-03-04_16-54-40
1772643285417095700,4.425095703125,-0.0062299072742462,0.0116862505674362,-0.0196332931518554,0.0003054236294701,0.0007635590736754,-0.000152711814735,still,Still_13-2026-03-04_16-54-40
1772643285436398600,4.444398681640625,-0.0061787664890289,0.0103999599814414,-0.0208282470703125,0.0009162708884105,-0.0010689827613532,-0.000152711814735,still,Still_13-2026-03-04_16-54-40
1772643285455701200,4.463701171875,-0.0037945508956909,0.0103664584457874,-0.019632339477539,-0.0003054236294701,0.000152711814735,-0.0009162708884105,still,Still_13-2026-03-04_16-54-40
1772643285475004200,4.483004150390625,-0.0036883354187011,0.0054319873452186,-0.0196285247802734,-0.0003054236294701,0.0007635590736754,-0.0003054236294701,still,Still_13-2026-03-04_16-54-40
1772643285494307000,4.50230712890625,-0.0072843730449676,0.0088797956705093,-0.0232210159301757,0.0003054236294701,0.000152711814735,-0.0015271181473508,still,Still_13-2026-03-04_16-54-40
1772643285513610000,4.52160986328125,-0.0085416734218597,0.0078194104135036,-0.0208282470703125,-0.0003054236294701,0.000152711814735,0.0004581354442052,still,Still_13-2026-03-04_16-54-40
1772643285532912600,4.54091259765625,-0.0096827149391174,0.0101305693387985,-0.0220232009887695,-0.0003054236294701,0.0007635590736754,-0.0009162708884105,still,Still_13-2026-03-04_16-54-40
1772643285552215600,4.560215576171875,-0.0071777999401092,0.006513375788927,-0.0196256637573242,-0.0003054236294701,-0.0004581354442052,-0.0009162708884105,still,Still_13-2026-03-04_16-54-40
1772643285571518500,4.5795185546875,-0.0072397589683532,0.0063698887825012,-0.0232200622558593,0.0003054236294701,0.0007635590736754,-0.0021379655227065,still,Still_13-2026-03-04_16-54-40
1772643285590821000,4.598821044921875,-0.0059916377067565,0.0124359428882598,-0.0196266174316406,0.0003054236294701,-0.0016798300202935,-0.0009162708884105,still,Still_13-2026-03-04_16-54-40
1772643285610124000,4.6181240234375,-0.0060561001300811,0.0098968781530857,-0.0184326171875,-0.0003054236294701,0.000152711814735,-0.0021379655227065,still,Still_13-2026-03-04_16-54-40
1772643285629426700,4.6374267578125,-0.0049826800823211,0.005027275532484,-0.0208311080932617,-0.0003054236294701,-0.0004581354442052,0.0003054236294701,still,Still_13-2026-03-04_16-54-40
1772643285648729600,4.6567294921875,-0.0026578307151794,0.0050016306340694,-0.019637107849121,0.0003054236294701,0.000152711814735,-0.0003054236294701,still,Still_13-2026-03-04_16-54-40
1772643285668032500,4.676032470703125,-0.0076226890087127,0.0037231557071208,-0.0256290435791015,0.0009162708884105,0.000152711814735,0.0010689827613532,still,Still_13-2026-03-04_16-54-40
1772643285687335200,4.695335205078125,-0.0147973597049713,4.060566425323487e-07,-0.0208406448364257,-0.0003054236294701,0.000152711814735,-0.0003054236294701,still,Still_13-2026-03-04_16-54-40
1772643285706638000,4.71463818359375,-0.0039750933647155,0.0048735849559307,-0.0316123962402343,-0.0003054236294701,0.0019852535333484,-0.000152711814735,still,Still_13-2026-03-04_16-54-40
1772643285725941000,4.73394091796875,-0.0062596499919891,0.0085512474179267,-0.0184402465820312,-0.0003054236294701,0.0007635590736754,0.0004581354442052,still,Still_13-2026-03-04_16-54-40
1772643285745243600,4.75324365234375,-0.0074020624160766,0.0120450593531131,-0.0244245529174804,-0.0015271181473508,-0.0004581354442052,-0.0003054236294701,still,Still_13-2026-03-04_16-54-40
1772643285764546600,4.772546630859375,-0.0087169110774993,0.0048972144722938,-0.0160493850708007,0.0003054236294701,-0.0010689827613532,0.0009162708884105,still,Still_13-2026-03-04_16-54-40
1772643285783849500,4.791849365234375,-0.0051910877227783,0.007264170795679,-0.0196428298950195,0.0009162708884105,0.000152711814735,0.0004581354442052,still,Still_13-2026-03-04_16-54-40
1772643285803152100,4.811152099609375,-0.0065082311630249,0.0011991299688816,-0.0268287658691406,0.0003054236294701,-0.0010689827613532,-0.0009162708884105,still,Still_13-2026-03-04_16-54-40
1772643285822455000,4.830455078125,-0.008960872888565,0.0107404142618179,-0.0244379043579101,0.0003054236294701,-0.0004581354442052,-0.0003054236294701,still,Still_13-2026-03-04_16-54-40
1772643285841758000,4.849758056640625,-0.0042389929294586,0.0070622414350509,-0.0232439041137695,0.0003054236294701,0.000152711814735,-0.0009162708884105,still,Still_13-2026-03-04_16-54-40
1772643285861060900,4.869060791015625,-0.0067530572414398,0.0071415081620216,-0.0256414413452148,-0.0003054236294701,0.000152711814735,-0.0003054236294701,still,Still_13-2026-03-04_16-54-40
1772643285880363500,4.888363525390625,-0.0032300055027008,0.0142830051481723,-0.019658088684082,-0.0003054236294701,0.0007635590736754,0.0004581354442052,still,Still_13-2026-03-04_16-54-40
1772643285899666400,4.90766650390625,-0.0010815560817718,0.0059890635311603,-0.0196666717529296,0.0003054236294701,-0.0004581354442052,-0.0009162708884105,still,Still_13-2026-03-04_16-54-40
1772643285918969000,4.926968994140625,-0.0047385394573211,0.0036313235759735,-0.0196695327758789,-0.0003054236294701,0.000152711814735,0.0004581354442052,still,Still_13-2026-03-04_16-54-40
1772643285938272000,4.94627197265625,-0.0083317756652832,0.002573512494564,-0.0220632553100585,0.0003054236294701,-0.0004581354442052,-0.0009162708884105,still,Still_13-2026-03-04_16-54-40
1772643285957575000,4.965574951171875,-0.0119179785251617,0.0003791041672229,-0.0220623016357421,-0.0009162708884105,-0.0016798300202935,0.0009162708884105,still,Still_13-2026-03-04_16-54-40
1772643285976877600,4.984877685546875,0.0023693144321441,0.0063381418585777,-0.022064208984375,-0.0003054236294701,-0.0010689827613532,-0.0009162708884105,still,Still_13-2026-03-04_16-54-40
1772643285996180500,5.004180419921875,-0.0033943951129913,0.0087572261691093,-0.02325439453125,-0.0003054236294701,0.0007635590736754,-0.0015271181473508,still,Still_13-2026-03-04_16-54-40
1772643286015483400,5.0234833984375,-0.0057365298271179,0.0064522884786129,-0.0268421173095703,0.0009162708884105,0.000152711814735,0.0004581354442052,still,Still_13-2026-03-04_16-54-40
1772643286034786000,5.0427861328125,-0.0068794786930084,0.0064792037010192,-0.0220518112182617,0.0003054236294701,0.0007635590736754,-0.0007635590736754,still,Still_13-2026-03-04_16-54-40
1772643286054089000,5.0620888671875,-0.0127435028553009,0.0062793008983135,-0.0208511352539062,0.0009162708884105,0.000152711814735,-0.000152711814735,still,Still_13-2026-03-04_16-54-40
1772643286073391900,5.081391845703125,-0.0008448958396911,0.0050000883638858,-0.0244455337524414,0.0003054236294701,-0.0004581354442052,0.0004581354442052,still,Still_13-2026-03-04_16-54-40
1772643286092694500,5.100694580078125,-0.0007435083389282,0.0038384087383747,-0.0244426727294921,-0.0003054236294701,0.000152711814735,0.0003054236294701,still,Still_13-2026-03-04_16-54-40
1772643286111997400,5.11999755859375,-0.0067325830459594,0.0050089880824089,-0.025639533996582,-0.0003054236294701,-0.0016798300202935,-0.0009162708884105,still,Still_13-2026-03-04_16-54-40
1772643286131300400,5.13930029296875,-0.0069099068641662,0.0123162269592285,-0.0268430709838867,-0.0021379655227065,-0.0010689827613532,-0.0003054236294701,still,Still_13-2026-03-04_16-54-40
1772643286150603000,5.15860302734375,-0.0070286691188812,0.0040260851383209,-0.02325439453125,0.0003054236294701,-0.0004581354442052,0.0004581354442052,still,Still_13-2026-03-04_16-54-40
1772643286169906000,5.177906005859375,-0.0070315897464752,0.0028619132936,-0.0244522094726562,-0.0003054236294701,-0.0004581354442052,-0.0009162708884105,still,Still_13-2026-03-04_16-54-40
1772643286189208800,5.197208740234375,-0.0047026276588439,0.0041425041854381,-0.0232572555541992,0.0003054236294701,0.000152711814735,-0.0003054236294701,still,Still_13-2026-03-04_16-54-40
1772643286208511500,5.216511474609375,-0.0047678351402282,0.0066253915429115,-0.0244569778442382,-0.0009162708884105,0.000152711814735,0.0003054236294701,still,Still_13-2026-03-04_16-54-40
1772643286227814400,5.235814453125,-0.0060280561447143,0.0030661597847938,-0.0244579315185546,-0.0003054236294701,-0.0004581354442052,0.0003054236294701,still,Still_13-2026-03-04_16-54-40
1772643286247117300,5.255117431640625,-0.0083655714988708,0.0042419955134391,-0.0268497467041015,-0.0009162708884105,0.0007635590736754,0.0009162708884105,still,Still_13-2026-03-04_16-54-40
1772643286266420000,5.274419921875,-0.0037024617195129,0.006555363535881,-0.0244607925415039,-0.0003054236294701,0.000152711814735,0.0004581354442052,still,Still_13-2026-03-04_16-54-40
1772643286285723000,5.293722900390625,-0.0096861124038696,0.0089183375239372,-0.0304460525512695,-0.0003054236294701,0.0007635590736754,-0.000152711814735,still,Still_13-2026-03-04_16-54-40
1772643286305025800,5.31302587890625,-0.0108223855495452,0.0042249970138072,-0.0232610702514648,0.0003054236294701,-0.0010689827613532,-0.0015271181473508,still,Still_13-2026-03-04_16-54-40
1772643286324328400,5.332328369140625,-0.0118417739868164,0.0041143484413623,-0.0184659957885742,-0.0009162708884105,-0.0004581354442052,-0.0009162708884105,still,Still_13-2026-03-04_16-54-40
1772643286343631400,5.35163134765625,-0.0117207467555999,0.012661013752222,-0.0280380249023437,-0.0009162708884105,0.000152711814735,0.0003054236294701,still,Still_13-2026-03-04_16-54-40
1772643286362934000,5.37093408203125,-0.0010180175304412,0.0067576877772808,-0.0232515335083007,-0.0003054236294701,-0.0004581354442052,-0.0003054236294701,still,Still_13-2026-03-04_16-54-40
1772643286382237000,5.39023681640625,-0.0071787238121032,0.0103112049400806,-0.0292444229125976,-0.0003054236294701,-0.0010689827613532,0.0003054236294701,still,Still_13-2026-03-04_16-54-40
1772643286401539800,5.409539794921875,-0.0047335028648376,0.0043586194515228,-0.0280447006225585,-0.0003054236294701,-0.0004581354442052,-0.0015271181473508,still,Still_13-2026-03-04_16-54-40
1772643286420842500,5.428842529296875,-0.0070151090621948,0.0053586587309837,-0.0268449783325195,0.0003054236294701,0.000152711814735,-0.000152711814735,still,Still_13-2026-03-04_16-54-40
1772643286440145400,5.4481455078125,-0.0070177614688873,0.0111925564706325,-0.0280418395996093,0.0003054236294701,-0.0010689827613532,0.0003054236294701,still,Still_13-2026-03-04_16-54-40
1772643286459448300,5.4674482421875,-0.0165797173976898,0.0063173659145832,-0.0280418395996093,0.0003054236294701,0.000152711814735,0.0010689827613532,still,Still_13-2026-03-04_16-54-40
1772643286478751200,5.486751220703125,-0.0130954980850219,0.0063440948724746,-0.0268497467041015,-0.0003054236294701,0.0007635590736754,0.0004581354442052,still,Still_13-2026-03-04_16-54-40
1772643286498054000,5.506053955078125,-0.0059176385402679,0.0062548294663429,-0.023259162902832,0.0009162708884105,0.000152711814735,0.0004581354442052,still,Still_13-2026-03-04_16-54-40
1772643286517356800,5.525356689453125,0.0013631284236907,0.0062234140932559,-0.0268468856811523,0.0003054236294701,0.0007635590736754,0.0004581354442052,still,Still_13-2026-03-04_16-54-40
1772643286536659500,5.544659423828125,-0.0120287835597991,0.002376515418291,-0.0256586074829101,0.0003054236294701,-0.0004581354442052,0.0004581354442052,still,Still_13-2026-03-04_16-54-40
1772643286555962400,5.56396240234375,-0.0119649171829223,0.0034935288131237,-0.0244598388671875,0.0003054236294701,-0.0010689827613532,0.0009162708884105,still,Still_13-2026-03-04_16-54-40
1772643286575265300,5.583265380859375,-0.0156595408916473,0.0022830702364444,-0.0246124267578125,-0.0003054236294701,0.0007635590736754,-0.0009162708884105,still,Still_13-2026-03-04_16-54-40
1772643286594568000,5.60256787109375,-0.0075124502182006,0.0083493217825889,-0.03045654296875,-0.0003054236294701,0.0013744062744081,0.0010689827613532,still,Still_13-2026-03-04_16-54-40
1772643286613870800,5.621870849609375,-0.0075136721134185,0.0084319412708282,-0.0292596817016601,-0.0003054236294701,-0.0004581354442052,0.0003054236294701,still,Still_13-2026-03-04_16-54-40
1772643286633173800,5.641173828125,-0.0027355551719665,0.0013453401625156,-0.0270156860351562,-0.0009162708884105,0.000152711814735,-0.0003054236294701,still,Still_13-2026-03-04_16-54-40
1772643286652476400,5.660476318359375,-0.0086039006710052,-0.0010090991854667,-0.0319480895996093,-0.0015271181473508,-0.0004581354442052,-0.0009162708884105,still,Still_13-2026-03-04_16-54-40
1772643286671779300,5.679779296875,-0.0026803612709045,0.0062111616134643,-0.0244674682617187,-0.0003054236294701,0.000152711814735,0.0004581354442052,still,Still_13-2026-03-04_16-54-40
1772643286691082000,5.69908203125,-0.0015811622142791,0.0060683861374855,-0.0232744216918945,-0.0003054236294701,0.000152711814735,0.0004581354442052,still,Still_13-2026-03-04_16-54-40
1772643286710385000,5.718385009765625,-0.0122013688087463,0.0062130540609359,-0.0256633758544921,0.0009162708884105,0.0007635590736754,0.0010689827613532,still,Still_13-2026-03-04_16-54-40
1772643286729687800,5.737687744140625,-0.0097164809703826,0.0026013366878032,-0.0280542373657226,-0.0015271181473508,0.000152711814735,0.0003054236294701,still,Still_13-2026-03-04_16-54-40
1772643286748990500,5.756990478515625,-0.0024566054344177,0.0062735266983509,-0.0292491912841796,-0.0003054236294701,0.0007635590736754,0.0004581354442052,still,Still_13-2026-03-04_16-54-40
1772643286768293400,5.77629345703125,-0.0011844933032989,0.003798808902502,-0.0244579315185546,-0.0015271181473508,-0.0010689827613532,0.0003054236294701,still,Still_13-2026-03-04_16-54-40
1772643286787596300,5.79559619140625,0.0013372004032135,0.0111134387552738,-0.0220584869384765,-0.0003054236294701,0.000152711814735,-0.0015271181473508,still,Still_13-2026-03-04_16-54-40
1772643286806899000,5.81489892578125,-0.0094046592712402,0.0015830360352993,-0.0280427932739257,-0.0003054236294701,0.0013744062744081,-0.000152711814735,still,Still_13-2026-03-04_16-54-40
1772643286826201900,5.834201904296875,-0.0045346617698669,0.0088469125330448,-0.0292367935180664,-0.0009162708884105,0.0007635590736754,0.0009162708884105,still,Still_13-2026-03-04_16-54-40
1772643286845504800,5.8535048828125,-0.0128748416900634,0.0112602151930332,-0.0256433486938476,0.0009162708884105,-0.0004581354442052,-0.000152711814735,still,Still_13-2026-03-04_16-54-40
1772643286864807400,5.872807373046875,-0.0069195330142974,0.0100306794047355,-0.0268421173095703,-0.0003054236294701,-0.0010689827613532,0.0003054236294701,still,Still_13-2026-03-04_16-54-40
1772643286884110300,5.8921103515625,-0.0056967437267303,0.0052148550748825,-0.0232496261596679,-0.0003054236294701,-0.0010689827613532,-0.0003054236294701,still,Still_13-2026-03-04_16-54-40
1772643286903413000,5.9114130859375,-0.0033967196941375,0.0028020478785037,-0.032231330871582,-0.0003054236294701,-0.0010689827613532,0.0003054236294701,still,Still_13-2026-03-04_16-54-40
1772643286922716000,5.9307158203125,-0.0044550001621246,0.0075045824050903,-0.0247449874877929,-0.0003054236294701,-0.0010689827613532,0.0003054236294701,still,Still_13-2026-03-04_16-54-40
1772643286942018800,5.950018798828125,0.0015995204448699,0.0050317607820034,-0.0260896682739257,-0.0003054236294701,0.000152711814735,0.0003054236294701,still,Still_13-2026-03-04_16-54-40
1772643286961321500,5.969321533203125,-0.0080041289329528,0.0073966421186923,-0.0308799743652343,0.0009162708884105,0.0019852535333484,-0.0007635590736754,still,Still_13-2026-03-04_16-54-40
1772643286980624400,5.988624267578125,-0.0043898820877075,0.0025341846048831,-0.0308790206909179,0.0003054236294701,0.0007635590736754,-0.0009162708884105,still,Still_13-2026-03-04_16-54-40
1772643286999927000,6.007927001953125,-0.0067557096481323,0.0061538778245449,-0.0284843444824218,0.0003054236294701,0.000152711814735,-0.0009162708884105,still,Still_13-2026-03-04_16-54-40
1772643287019230000,6.02722998046875,-0.0128163397312164,0.0049275979399681,-0.0296840667724609,0.0015271181473508,0.000152711814735,-0.0007635590736754,still,Still_13-2026-03-04_16-54-40
1772643287038532900,6.046532958984375,0.0027548372745513,0.0073499158024787,-0.0211544036865234,-0.0003054236294701,-0.0004581354442052,0.0009162708884105,still,Still_13-2026-03-04_16-54-40
1772643287057835500,6.06583544921875,-0.0042885839939117,0.0073201209306716,-0.0248889923095703,0.0003054236294701,0.000152711814735,-0.000152711814735,still,Still_13-2026-03-04_16-54-40
1772643287077138400,6.085138427734375,-0.0090453326702117,0.0059884339570999,-0.0271339416503906,0.0003054236294701,0.000152711814735,0.0004581354442052,still,Still_13-2026-03-04_16-54-40
1772643287096441000,6.104441162109375,-0.0138503313064575,0.0106866173446178,-0.0247411727905273,0.0009162708884105,-0.0010689827613532,0.0004581354442052,still,Still_13-2026-03-04_16-54-40
1772643287115744000,6.123743896484375,-0.0102239251136779,0.0094556361436843,-0.0310239791870117,0.0003054236294701,-0.0004581354442052,0.0004581354442052,still,Still_13-2026-03-04_16-54-40
1772643287135047000,6.143046875,-0.0055258870124816,0.0034505128860473,-0.0262393951416015,0.0003054236294701,0.000152711814735,-0.000152711814735,still,Still_13-2026-03-04_16-54-40
1772643287154349600,6.162349609375,-0.007889449596405,0.0058181248605251,-0.029829978942871,0.0003054236294701,-0.0004581354442052,0.0003054236294701,still,Still_13-2026-03-04_16-54-40
1772643287173652500,6.181652587890625,-0.0090536475181579,0.0046522840857505,-0.0262374877929687,-0.0003054236294701,0.0007635590736754,0.0004581354442052,still,Still_13-2026-03-04_16-54-40
1772643287192955400,6.200955322265625,-0.001910001039505,0.010715052485466,-0.0286321640014648,-0.0003054236294701,0.000152711814735,0.0004581354442052,still,Still_13-2026-03-04_16-54-40
1772643287212258000,6.220258056640625,-0.0055331289768218,0.0070366337895393,-0.0250425338745117,-0.0009162708884105,0.000152711814735,0.0003054236294701,still,Still_13-2026-03-04_16-54-40
1772643287231561000,6.23956103515625,-0.0090922713279724,0.0034296736121177,-0.0262384414672851,0.0003054236294701,0.000152711814735,-0.000152711814735,still,Still_13-2026-03-04_16-54-40
1772643287250863600,6.258863525390625,-0.0101391673088073,0.0021586753427982,-0.0262336730957031,-0.0009162708884105,0.000152711814735,-0.0003054236294701,still,Still_13-2026-03-04_16-54-40
1772643287270166500,6.27816650390625,-0.007542610168457,0.0057269036769866,-0.0224857330322265,-0.0009162708884105,-0.0010689827613532,0.0009162708884105,still,Still_13-2026-03-04_16-54-40
1772643287289469400,6.297469482421875,-0.0038707256317138,0.0069502852857112,-0.024876594543457,-0.0009162708884105,-0.0004581354442052,0.0003054236294701,still,Still_13-2026-03-04_16-54-40
1772643287308772000,6.316772216796875,-0.0050430297851562,0.0046473629772663,-0.02203369140625,-0.0003054236294701,0.000152711814735,0.0003054236294701,still,Still_13-2026-03-04_16-54-40
1772643287328075000,6.336074951171875,-0.0086607635021209,0.0046891346573829,-0.0281686782836914,-0.0003054236294701,0.000152711814735,0.0003054236294701,still,Still_13-2026-03-04_16-54-40
1772643287347377700,6.355377685546875,-0.0014598965644836,0.0131382867693901,-0.0256233215332031,0.0003054236294701,-0.0010689827613532,0.0003054236294701,still,Still_13-2026-03-04_16-54-40
1772643287366680600,6.3746806640625,-0.0002472698688507,0.0107649266719818,-0.0256223678588867,0.0009162708884105,-0.0004581354442052,-0.000152711814735,still,Still_13-2026-03-04_16-54-40
1772643287385983500,6.3939833984375,-0.0026210844516754,0.0023094937205314,-0.0281658172607421,0.0003054236294701,0.000152711814735,0.0004581354442052,still,Still_13-2026-03-04_16-54-40
1772643287405286100,6.4132861328125,-0.0075524151325225,0.0046187937259674,-0.024580955505371,-0.0003054236294701,-0.0004581354442052,0.0003054236294701,still,Still_13-2026-03-04_16-54-40
1772643287424589000,6.432589111328125,-0.0004704594612121,0.0081245563924312,-0.023238182067871,0.0003054236294701,0.000152711814735,-0.0009162708884105,still,Still_13-2026-03-04_16-54-40
1772643287443891700,6.4518916015625,-0.0015338361263275,0.0091737620532512,-0.026824951171875,-0.0009162708884105,0.0007635590736754,0.0003054236294701,still,Still_13-2026-03-04_16-54-40
1772643287463194600,6.471194580078125,-0.0061784386634826,0.002143308520317,-0.0305604934692382,0.0003054236294701,-0.0004581354442052,0.0003054236294701,still,Still_13-2026-03-04_16-54-40
1772643287482497500,6.49049755859375,-0.0037038326263427,0.0129887871444225,-0.0244216918945312,0.0003054236294701,0.000152711814735,0.0016798300202935,still,Still_13-2026-03-04_16-54-40
1772643287501800200,6.50980029296875,-0.0107339024543762,0.0010005049407482,-0.0262117385864257,-0.0015271181473508,0.0007635590736754,-0.0003054236294701,still,Still_13-2026-03-04_16-54-40
1772643287521103000,6.52910302734375,-0.0072288215160369,0.0022935383021831,-0.0260648727416992,-0.0003054236294701,0.000152711814735,0.0010689827613532,still,Still_13-2026-03-04_16-54-40
1772643287540405800,6.54840576171875,-0.0036153495311737,0.0056861378252506,-0.0271129608154296,0.0003054236294701,0.0007635590736754,-0.0009162708884105,still,Still_13-2026-03-04_16-54-40
1772643287559708700,6.567708740234375,-0.0132078230381011,0.0009406581521034,-0.0308542251586914,0.0003054236294701,-0.0010689827613532,-0.0003054236294701,still,Still_13-2026-03-04_16-54-40
1772643287579011600,6.587011474609375,-0.0096399188041687,0.0069543942809104,-0.025766372680664,-0.0003054236294701,0.000152711814735,0.0003054236294701,still,Still_13-2026-03-04_16-54-40
1772643287598314200,6.606314208984375,-0.0012423992156982,0.0093698129057884,-0.0295076370239257,-0.0003054236294701,-0.0004581354442052,0.0009162708884105,still,Still_13-2026-03-04_16-54-40
1772643287617617200,6.6256171875,-0.0082195103168487,0.0104697309434413,-0.0209712982177734,-0.0009162708884105,-0.0010689827613532,-0.0015271181473508,still,Still_13-2026-03-04_16-54-40
1772643287636919800,6.644919921875,0.0001167654991149,0.0057742930948734,-0.0296506881713867,-0.0003054236294701,0.000152711814735,-0.0003054236294701,still,Still_13-2026-03-04_16-54-40
1772643287656222700,6.66422265625,-0.0236462354660034,0.0047342553734779,-0.0309906005859375,-0.0009162708884105,0.000152711814735,-0.0009162708884105,still,Still_13-2026-03-04_16-54-40
1772643287675525400,6.683525390625,-0.0080535411834716,0.0009004846215248,-0.0285968780517578,0.0009162708884105,0.0013744062744081,-0.000152711814735,still,Still_13-2026-03-04_16-54-40
1772643287694828300,6.702828369140625,-0.0009114444255828,0.0093011148273944,-0.0294961929321289,-0.0003054236294701,-0.0004581354442052,-0.0009162708884105,still,Still_13-2026-03-04_16-54-40
1772643287714131200,6.722131103515625,0.0015523731708526,0.0199645943939685,-0.0303907394409179,-0.0009162708884105,-0.0010689827613532,-0.0003054236294701,still,Still_13-2026-03-04_16-54-40
1772643287733433900,6.741433837890625,0.0002546906471252,0.0104092098772525,-0.0305442810058593,-0.0009162708884105,0.000152711814735,0.0003054236294701,still,Still_13-2026-03-04_16-54-40
1772643287752736800,6.76073681640625,-0.0104819238185882,0.0067886300384998,-0.0283002853393554,0.0009162708884105,0.0007635590736754,0.0004581354442052,still,Still_13-2026-03-04_16-54-40
1772643287772039400,6.780039306640625,-0.0032771825790405,0.0068130642175674,-0.0259037017822265,0.0015271181473508,0.0007635590736754,-0.000152711814735,still,Still_13-2026-03-04_16-54-40
1772643287791342300,6.79934228515625,-0.005586564540863,0.0129275359213352,-0.0256004333496093,0.0003054236294701,0.000152711814735,0.0004581354442052,still,Still_13-2026-03-04_16-54-40
1772643287810645000,6.81864501953125,-0.0103382468223571,0.0092437714338302,-0.0258998870849609,-0.0003054236294701,-0.0010689827613532,-0.0003054236294701,still,Still_13-2026-03-04_16-54-40
1772643287829948000,6.837947998046875,-0.0030771195888519,0.0033562965691089,-0.0261955261230468,-0.0003054236294701,-0.0010689827613532,0.0009162708884105,still,Still_13-2026-03-04_16-54-40
1772643287849250800,6.857250732421875,-0.0043651461601257,0.0079966224730014,-0.0306892395019531,0.0003054236294701,-0.0004581354442052,0.0010689827613532,still,Still_13-2026-03-04_16-54-40
1772643287868553500,6.876553466796875,-0.0020096600055694,0.0139972195029258,-0.0269479751586914,0.0003054236294701,-0.0004581354442052,-0.0003054236294701,still,Still_13-2026-03-04_16-54-40
1772643287887856400,6.8958564453125,-0.0019327998161315,0.0104308612644672,-0.0305366516113281,-0.0003054236294701,0.0007635590736754,0.0004581354442052,still,Still_13-2026-03-04_16-54-40
1772643287907159000,6.915158935546875,-0.0136862099170684,0.0044783279299736,-0.0258903503417968,0.0003054236294701,0.0007635590736754,-0.0007635590736754,still,Still_13-2026-03-04_16-54-40
1772643287926462000,6.9344619140625,-0.0148374438285827,-0.0003247633576393,-0.0222969055175781,0.0003054236294701,-0.0004581354442052,0.0003054236294701,still,Still_13-2026-03-04_16-54-40
1772643287945764900,6.953764892578125,-0.0005718171596527,0.004554308950901,-0.0294828414916992,0.0003054236294701,-0.0004581354442052,0.0003054236294701,still,Still_13-2026-03-04_16-54-40
1772643287965067500,6.973067626953125,0.0018917620182037,0.0104421377182006,-0.027984619140625,-0.0003054236294701,-0.0004581354442052,0.0003054236294701,still,Still_13-2026-03-04_16-54-40
1772643287984370400,6.992370361328125,0.0030972361564636,0.0116011947393417,-0.023345947265625,0.0015271181473508,-0.0004581354442052,-0.000152711814735,still,Still_13-2026-03-04_16-54-40
1772643288003673000,7.011673095703125,-0.0124815106391906,0.0021271295845508,-0.0284337997436523,0.0009162708884105,0.0007635590736754,-0.000152711814735,still,Still_13-2026-03-04_16-54-40
1772643288022976000,7.03097607421875,-0.0089136064052581,0.0105802491307258,-0.027984619140625,0.0009162708884105,0.000152711814735,-0.000152711814735,still,Still_13-2026-03-04_16-54-40
1772643288042278700,7.050278564453125,-0.000460147857666,0.0080397091805934,-0.0279836654663085,-0.0003054236294701,-0.0004581354442052,0.0003054236294701,still,Still_13-2026-03-04_16-54-40
1772643288061581600,7.06958154296875,-0.0064165890216827,0.0043078623712062,-0.0269355773925781,-0.0009162708884105,-0.0004581354442052,0.0003054236294701,still,Still_13-2026-03-04_16-54-40
1772643288080884200,7.08888427734375,-0.0028619766235351,-0.0004371367394924,-0.0258893966674804,-0.0003054236294701,0.000152711814735,-0.0009162708884105,still,Still_13-2026-03-04_16-54-40
1772643288100187100,7.108187255859375,0.0019943714141845,0.0008069276809692,-0.0261869430541992,-0.0009162708884105,0.000152711814735,-0.0003054236294701,still,Still_13-2026-03-04_16-54-40
1772643288119489800,7.12748974609375,0.009230226278305,0.0175151377916336,-0.0282793045043945,-0.0003054236294701,-0.0010689827613532,0.0003054236294701,still,Still_13-2026-03-04_16-54-40
1772643288138792700,7.146792724609375,-0.0098862648010253,0.0068275853991508,-0.0285758972167968,0.0015271181473508,-0.0004581354442052,-0.000152711814735,still,Still_13-2026-03-04_16-54-40
1772643288158095600,7.166095703125,-0.0098501443862915,0.0031003132462501,-0.027379035949707,0.0009162708884105,-0.0004581354442052,0.0010689827613532,still,Still_13-2026-03-04_16-54-40
1772643288177398300,7.185398193359375,-0.0098709166049957,0.0065997764468193,-0.0297746658325195,0.0003054236294701,0.0007635590736754,0.0004581354442052,still,Still_13-2026-03-04_16-54-40
1772643288196701200,7.204701171875,-0.0026681423187255,0.006572313606739,-0.023787498474121,0.0003054236294701,-0.0004581354442052,-0.0009162708884105,still,Still_13-2026-03-04_16-54-40
1772643288216003800,7.22400390625,-0.0038414895534515,0.0112029463052749,-0.023787498474121,0.0009162708884105,0.0007635590736754,0.0004581354442052,still,Still_13-2026-03-04_16-54-40
1772643288235306800,7.243306640625,-0.0024506449699401,0.0088340826332569,-0.0273723602294921,0.0003054236294701,0.000152711814735,0.0004581354442052,still,Still_13-2026-03-04_16-54-40
1772643288254609700,7.262609619140625,-0.008344143629074,0.0040174312889575,-0.0297622680664062,-0.0003054236294701,-0.0004581354442052,0.0003054236294701,still,Still_13-2026-03-04_16-54-40
1772643288273912300,7.281912353515625,-0.0023384094238281,0.0028544925153255,-0.0249738693237304,-0.0003054236294701,0.000152711814735,0.0010689827613532,still,Still_13-2026-03-04_16-54-40
1772643288293215200,7.30121533203125,-0.0047651529312133,0.0065342858433723,-0.0261726379394531,0.0003054236294701,0.000152711814735,-0.0003054236294701,still,Still_13-2026-03-04_16-54-40
1772643288312518000,7.320517822265625,-0.0046239793300628,0.0053677596151828,-0.0297584533691406,-0.0003054236294701,0.000152711814735,-0.0003054236294701,still,Still_13-2026-03-04_16-54-40
1772643288331820800,7.33982080078125,-0.0044255256652832,0.006419401615858,-0.0273571014404296,-0.0003054236294701,-0.0004581354442052,0.0003054236294701,still,Still_13-2026-03-04_16-54-40
1772643288351123500,7.35912353515625,-0.0044580698013305,0.0038300044834613,-0.0321474075317382,-0.0003054236294701,-0.0010689827613532,-0.0009162708884105,still,Still_13-2026-03-04_16-54-40
1772643288370426400,7.37842626953125,0.0086489915847778,0.0097743012011051,-0.0273618698120117,-0.0003054236294701,-0.0004581354442052,-0.0009162708884105,still,Still_13-2026-03-04_16-54-40
1772643288389729000,7.39772900390625,-0.0081348121166229,0.0062678419053554,-0.0213775634765625,0.0015271181473508,-0.0004581354442052,0.0010689827613532,still,Still_13-2026-03-04_16-54-40
1772643288409032000,7.417031982421875,-0.0081025660037994,0.0013494752347469,-0.0249691009521484,0.0003054236294701,0.000152711814735,-0.000152711814735,still,Still_13-2026-03-04_16-54-40
1772643288428334600,7.43633447265625,-0.0091489553451538,0.0001339875161647,-0.0201749801635742,-0.0003054236294701,0.000152711814735,0.0004581354442052,still,Still_13-2026-03-04_16-54-40
1772643288447637500,7.455637451171875,-0.0056041777133941,0.009732287377119,-0.0236167907714843,-0.0015271181473508,0.000152711814735,-0.0003054236294701,still,Still_13-2026-03-04_16-54-40
1772643288466940200,7.474940185546875,-0.0021302103996276,0.0122032836079597,-0.0260162353515625,-0.0009162708884105,0.000152711814735,0.0003054236294701,still,Still_13-2026-03-04_16-54-40
1772643288486243000,7.4942431640625,-0.0021896064281463,0.0075621716678142,-0.0260162353515625,-0.0003054236294701,0.0007635590736754,0.0003054236294701,still,Still_13-2026-03-04_16-54-40
1772643288505545700,7.513545654296875,-0.0021905601024627,0.0051979646086692,-0.0246696472167968,-0.0003054236294701,0.000152711814735,-0.0003054236294701,still,Still_13-2026-03-04_16-54-40
1772643288524848600,7.5328486328125,-0.0056588947772979,0.0003921166062355,-0.0308008193969726,-0.0009162708884105,-0.0010689827613532,0.0003054236294701,still,Still_13-2026-03-04_16-54-40
1772643288544151600,7.552151611328125,-0.0117964148521423,0.0039516277611255,-0.0285615921020507,0.0003054236294701,0.000152711814735,-0.0003054236294701,still,Still_13-2026-03-04_16-54-40
1772643288563454200,7.5714541015625,-0.0021622776985168,0.0051162838935852,-0.0270633697509765,-0.0003054236294701,0.0007635590736754,-0.000152711814735,still,Still_13-2026-03-04_16-54-40
1772643288582757000,7.590757080078125,0.0061975121498107,0.0064003802835941,-0.024519920349121,-0.0003054236294701,0.0007635590736754,0.0004581354442052,still,Still_13-2026-03-04_16-54-40
1772643288602059800,7.610059814453125,0.0039628446102142,0.0053463652729988,-0.024662971496582,0.0009162708884105,0.0013744062744081,0.0004581354442052,still,Still_13-2026-03-04_16-54-40
1772643288621362700,7.62936279296875,0.0026388466358184,0.0006580986082553,-0.0297555923461914,0.0003054236294701,0.0007635590736754,-0.000152711814735,still,Still_13-2026-03-04_16-54-40
1772643288640665300,7.648665283203125,-0.0057923793792724,0.0091251507401466,-0.0246686935424804,-0.0003054236294701,-0.0004581354442052,-0.0015271181473508,still,Still_13-2026-03-04_16-54-40
1772643288659968300,7.66796826171875,-0.004591166973114,0.0090924389660358,-0.0269136428833007,0.0003054236294701,-0.0010689827613532,0.0003054236294701,still,Still_13-2026-03-04_16-54-40
1772643288679271000,7.68727099609375,-0.0152209103107452,0.001891229301691,-0.0297517776489257,0.0009162708884105,0.000152711814735,0.0010689827613532,still,Still_13-2026-03-04_16-54-40
1772643288698573800,7.70657373046875,-0.0093360245227813,0.0019305609166622,-0.032149314880371,-0.0003054236294701,0.000152711814735,-0.0003054236294701,still,Still_13-2026-03-04_16-54-40
1772643288717876500,7.72587646484375,0.001428335905075,0.0115847736597061,-0.0273609161376953,-0.0003054236294701,-0.0010689827613532,0.0009162708884105,still,Still_13-2026-03-04_16-54-40
1772643288737179400,7.745179443359375,0.0061972141265869,0.0092715173959732,-0.0285577774047851,-0.0003054236294701,0.000152711814735,-0.0003054236294701,still,Still_13-2026-03-04_16-54-40
1772643288756482000,7.76448193359375,0.0037889182567596,0.0103753469884395,-0.0285587310791015,-0.0003054236294701,0.0007635590736754,0.0004581354442052,still,Still_13-2026-03-04_16-54-40
1772643288775785000,7.783784912109375,-0.0093058347702026,0.0007266066968441,-0.0297527313232421,-0.0003054236294701,0.000152711814735,0.0010689827613532,still,Still_13-2026-03-04_16-54-40
1772643288795087600,7.803087646484375,-0.0117946565151214,0.0043540336191654,-0.0357427597045898,-0.0009162708884105,-0.0016798300202935,0.0003054236294701,still,Still_13-2026-03-04_16-54-40
1772643288814390500,7.822390625,-0.010465383529663,0.0009261481463909,-0.0249643325805664,-0.0009162708884105,-0.0004581354442052,-0.0009162708884105,still,Still_13-2026-03-04_16-54-40
1772643288833693400,7.841693359375,0.0001284778118133,0.004666294902563,-0.0261659622192382,-0.000152711814735,0.000152711814735,-0.0009162708884105,still,Still_13-2026-03-04_16-54-40
1772643288852996000,7.86099609375,0.0037053227424621,0.0057799369096755,-0.0249691009521484,-0.000152711814735,0.000152711814735,0.0003054236294701,still,Still_13-2026-03-04_16-54-40
1772643288872299000,7.880299072265625,0.0026115477085113,0.0106518939137458,-0.0273590087890625,-0.000152711814735,0.000152711814735,0.0009162708884105,still,Still_13-2026-03-04_16-54-40
1772643288891601700,7.8996015625,-0.0081501305103302,0.0166473351418972,-0.0234689712524414,-0.000152711814735,0.0007635590736754,-0.0009162708884105,still,Still_13-2026-03-04_16-54-40
1772643288910904600,7.918904541015625,-0.0095051229000091,0.0072718784213066,-0.0270643234252929,-0.000152711814735,-0.0004581354442052,-0.0003054236294701,still,Still_13-2026-03-04_16-54-40
1772643288930207200,7.938207275390625,-0.0118204951286315,0.0038289837539196,-0.0260143280029296,-0.000152711814735,0.000152711814735,-0.0009162708884105,still,Still_13-2026-03-04_16-54-40
1772643288949510100,7.95751025390625,-0.0082736909389495,0.0038034059107303,-0.0308046340942382,-0.000152711814735,-0.0016798300202935,-0.0003054236294701,still,Still_13-2026-03-04_16-54-40
1772643288968812800,7.976812744140625,0.0036250352859497,0.0013937503099441,-0.0272159576416015,-0.0007635590736754,-0.0010689827613532,-0.0009162708884105,still,Still_13-2026-03-04_16-54-40
1772643288988115700,7.99611572265625,0.0048063695430755,0.0037602856755256,-0.0284128189086914,-0.0013744062744081,-0.0010689827613532,-0.0003054236294701,still,Still_13-2026-03-04_16-54-40
1772643289007418400,8.01541845703125,-0.0011819601058959,0.0061837397515773,-0.0258693695068359,-0.000152711814735,0.000152711814735,-0.0003054236294701,still,Still_13-2026-03-04_16-54-40
1772643289026721300,8.03472119140625,-0.0022066831588745,0.0063273906707763,-0.0318479537963867,0.0004581354442052,-0.0010689827613532,-0.0003054236294701,still,Still_13-2026-03-04_16-54-40
1772643289046024000,8.05402392578125,-0.0070995390415191,0.007608700543642,-0.035292625427246,0.0004581354442052,0.0007635590736754,-0.0009162708884105,still,Still_13-2026-03-04_16-54-40
1772643289065326800,8.073326904296875,-0.0072038769721984,0.0006399005651473,-0.0309553146362304,0.0004581354442052,-0.0010689827613532,0.0010689827613532,still,Still_13-2026-03-04_16-54-40
1772643289084629500,8.09262939453125,-0.0048042237758636,-0.0029013194143772,-0.0320034027099609,-0.0007635590736754,-0.0010689827613532,0.0003054236294701,still,Still_13-2026-03-04_16-54-40
1772643289103932400,8.111932373046875,0.0046972930431365,-0.0028451085090637,-0.0285634994506835,-0.000152711814735,-0.0010689827613532,0.0003054236294701,still,Still_13-2026-03-04_16-54-40
1772643289123235000,8.131235107421874,0.0022346377372741,0.0126200579106807,-0.0333547592163085,0.0010689827613532,-0.0004581354442052,-0.0007635590736754,still,Still_13-2026-03-04_16-54-40
1772643289142538000,8.1505380859375,-0.0062513947486877,0.0089940354228019,-0.0321626663208007,0.0004581354442052,0.000152711814735,-0.0007635590736754,still,Still_13-2026-03-04_16-54-40
1772643289161840600,8.169840576171875,-0.0098261833190917,0.0042994953691959,-0.0261764526367187,-0.0007635590736754,0.0007635590736754,-0.0003054236294701,still,Still_13-2026-03-04_16-54-40
1772643289181143600,8.1891435546875,-0.009751409292221,0.0080315880477428,-0.033355712890625,0.0004581354442052,0.0007635590736754,0.0004581354442052,still,Still_13-2026-03-04_16-54-40
1772643289200446200,8.2084462890625,-0.0084825754165649,0.0020267404615879,-0.0297603607177734,0.0004581354442052,0.000152711814735,-0.0003054236294701,still,Still_13-2026-03-04_16-54-40
1772643289219749000,8.2277490234375,0.0010865330696105,0.0033153556287288,-0.0333528518676757,-0.000152711814735,0.000152711814735,-0.0009162708884105,still,Still_13-2026-03-04_16-54-40
1772643289239051800,8.2470517578125,0.0010212063789367,0.0068163499236106,-0.0285663604736328,0.0010689827613532,-0.0010689827613532,-0.000152711814735,still,Still_13-2026-03-04_16-54-40
1772643289258354400,8.2663544921875,-0.0025696456432342,0.0069040432572364,-0.0321569442749023,0.0004581354442052,-0.0010689827613532,-0.0003054236294701,still,Still_13-2026-03-04_16-54-40
1772643289277657300,8.2856572265625,-0.0109868645668029,0.0043096244335174,-0.0285682678222656,-0.000152711814735,-0.0004581354442052,-0.0003054236294701,still,Still_13-2026-03-04_16-54-40
1772643289296960000,8.3049599609375,-0.0049963593482971,0.0090687610208988,-0.0285682678222656,-0.0007635590736754,0.0013744062744081,-0.0003054236294701,still,Still_13-2026-03-04_16-54-40
1772643289316263000,8.324262939453124,-0.0061849355697631,0.0092091523110866,-0.0308122634887695,-0.000152711814735,-0.0004581354442052,0.0009162708884105,still,Still_13-2026-03-04_16-54-40
1772643289335565600,8.343565673828126,-0.0038449466228485,0.0043966993689537,-0.0333576202392578,0.0010689827613532,-0.0004581354442052,0.0004581354442052,still,Still_13-2026-03-04_16-54-40
1772643289354868500,8.362868408203125,0.0033246576786041,0.0006158053874969,-0.033360481262207,-0.0007635590736754,-0.0004581354442052,0.0003054236294701,still,Still_13-2026-03-04_16-54-40
1772643289374171100,8.382171142578125,-0.0015236437320709,0.007594559341669,-0.0273771286010742,-0.000152711814735,-0.0010689827613532,-0.0003054236294701,still,Still_13-2026-03-04_16-54-40
1772643289393474000,8.40147412109375,-0.0039721429347991,0.0039818361401557,-0.0285758972167968,0.0004581354442052,0.000152711814735,-0.000152711814735,still,Still_13-2026-03-04_16-54-40
1772643289412776700,8.420776611328124,-0.0065309107303619,0.0099340490996837,-0.0260372161865234,0.0004581354442052,0.000152711814735,0.0010689827613532,still,Still_13-2026-03-04_16-54-40
1772643289432079600,8.44007958984375,-0.0065208077430725,0.0110328793525695,-0.0342683792114257,0.0004581354442052,-0.0004581354442052,0.0003054236294701,still,Still_13-2026-03-04_16-54-40
1772643289451382300,8.45938232421875,-0.0125406384468078,0.0099207870662212,-0.0356149673461914,0.0010689827613532,-0.0010689827613532,-0.0003054236294701,still,Still_13-2026-03-04_16-54-40
1772643289470685200,8.478685302734375,-0.0030211210250854,0.012333795428276,-0.0282869338989257,0.0004581354442052,0.0007635590736754,0.0010689827613532,still,Still_13-2026-03-04_16-54-40
1772643289489987800,8.49798779296875,-0.0032501220703125,0.0075716711580753,-0.0320348739624023,0.0004581354442052,0.000152711814735,0.0004581354442052,still,Still_13-2026-03-04_16-54-40
1772643289509290800,8.517290771484374,0.0050538778305053,0.0026532039046287,-0.0321874618530273,0.0010689827613532,0.000152711814735,-0.000152711814735,still,Still_13-2026-03-04_16-54-40
1772643289528593400,8.536593505859376,0.0038418471813201,0.0098603069782257,-0.0285959243774414,0.0016798300202935,-0.0004581354442052,0.0003054236294701,still,Still_13-2026-03-04_16-54-40
1772643289547896000,8.55589599609375,-0.0022014081478118,0.0076080039143562,-0.0309925079345703,0.0004581354442052,-0.0004581354442052,0.0004581354442052,still,Still_13-2026-03-04_16-54-40
1772643289567199000,8.575198974609375,-0.012719303369522,0.0088855363428592,-0.032179832458496,0.0004581354442052,0.0007635590736754,0.0004581354442052,still,Still_13-2026-03-04_16-54-40
1772643289586501600,8.594501708984374,-0.0091123580932617,0.004075214266777,-0.0309829711914062,-0.000152711814735,0.000152711814735,-0.0009162708884105,still,Still_13-2026-03-04_16-54-40
1772643289605804500,8.613804443359374,-0.0139621496200561,-0.000402633100748,-0.0198173522949218,-0.0007635590736754,-0.0010689827613532,0.0003054236294701,still,Still_13-2026-03-04_16-54-40
1772643289625107200,8.633107177734376,0.0002907216548919,-0.0006298758089542,-0.0007448196411132,-0.0007635590736754,0.000152711814735,0.0003054236294701,still,Still_13-2026-03-04_16-54-40
1772643289644410000,8.65241015625,0.0005014836788177,0.0198608338832855,-0.126535415649414,-0.000152711814735,0.000152711814735,-0.0009162708884105,still,Still_13-2026-03-04_16-54-40
1772643289663712800,8.671712646484375,0.016932874917984,0.0043550468981266,0.0398025512695312,-0.0007635590736754,0.0007635590736754,-0.0021379655227065,still,Still_13-2026-03-04_16-54-40
